{"type":"FeatureCollection","properties":{"kind":"state","state":"VA"},"features":[
{"type":"Feature","properties":{"kind":"county","name":"Greensville","state":"VA"},"geometry":{"type":"MultiPolygon","coordinates":[[[[-77.6213,36.8798],[-77.5556,36.8469],[-77.4570,36.8633],[-77.4898,36.7209],[-77.4296,36.7100],[-77.5008,36.6716],[-77.3858,36.6443],[-77.3529,36.5566],[-77.2982,36.5457],[-77.7692,36.5457],[-77.6542,36.7155],[-77.6596,36.8962]]],[[[-77.5611,36.6990],[-77.5282,36.6716],[-77.5118,36.7155]]]]}}
]}
